name,duration,release_date,album_name,explicit,popularity,acousticness,danceability,energy,instrumentalness,liveness,loudness,speechiness,tempo,time_signature,valence,primary_emotion,emotion_confidence,happy_score,sad_score,energetic_score,relaxed_score,melancholic_score,triumphant_score,ethereal_score
ü™ê,53.184,2021-10-15,Music Of The Spheres,False,62,0.887,0.326,0.322,0.841,0.116,-20.192,0.0337,89.657,4,0.0651,sad,0.8396258333333334,0.16037416666666668,0.8396258333333334,0.2663666666666667,0.5778775,0.6896258333333334,0.20426833333333333,0.7338800000000001
Higher Power,206.681,2021-10-15,Music Of The Spheres,False,71,0.00643,0.507,0.832,1.6e-05,0.229,-5.931,0.0425,177.894,4,0.485,energetic,0.85748,0.638845,0.361155,0.85748,0.18626500000000001,0.41035499999999997,0.72329,0.05661500000000001
Humankind,266.704,2021-10-15,Music Of The Spheres,False,68,0.000172,0.575,0.838,0.000103,0.458,-6.498,0.0454,135.006,4,0.215,energetic,0.6905199999999999,0.442905,0.5570949999999999,0.6905199999999999,0.23648500000000003,0.6098950000000001,0.5462100000000001,0.10568600000000003
‚ú®,53.033,2021-10-15,Music Of The Spheres,False,59,0.805,0.0859,0.289,0.99,0.141,-17.24,0.0359,166.784,4,0.038,sad,0.8015133333333333,0.19848666666666664,0.8015133333333333,0.5042466666666666,0.39614000000000005,0.6515133333333333,0.30877333333333334,0.7082
Let Somebody Go,241.595,2021-10-15,Music Of The Spheres,False,76,0.193,0.592,0.342,0.00245,0.11,-8.93,0.0339,130.953,4,0.155,sad,0.7452724999999999,0.2547275,0.7452724999999999,0.42301000000000005,0.4826174999999999,0.5952725,0.317055,0.36289999999999994
‚ù§Ô∏è,188.966,2021-10-15,Music Of The Spheres,False,65,0.97,0.348,0.0491,0.000186,0.0918,-15.431,0.0404,136.68,1,0.232,ethereal,0.82387,0.21782999999999997,0.78217,0.30335,0.63015,0.63217,0.24024,0.82387
People of The Pride,217.266,2021-10-15,Music Of The Spheres,True,66,0.00581,0.432,0.613,0.0151,0.312,-6.785,0.0349,136.362,4,0.0911,sad,0.697805,0.302195,0.697805,0.5701499999999999,0.320815,0.6156050000000001,0.40891,0.200785
Biutyful,192.394,2021-10-15,Music Of The Spheres,False,66,0.0168,0.614,0.68,0.00056,0.118,-7.84,0.0425,153.937,4,0.347,energetic,0.6878233333333335,0.49048083333333337,0.5095191666666666,0.6878233333333335,0.29455749999999997,0.46751916666666665,0.5673616666666668,0.135
üåé,21.388,2021-10-15,Music Of The Spheres,False,19,0.969,0.115,0.907,0.981,0.98,-20.358,0.223,189.885,3,0.0185,energetic,0.85535,0.3832,0.6168,0.85535,0.05019999999999999,0.711,0.5702,0.6087
My Universe,226.198,2021-10-15,Music Of The Spheres,False,84,0.0114,0.573,0.711,0.0,0.328,-6.268,0.0406,105.006,4,0.47,energetic,0.55252,0.532805,0.467195,0.55252,0.42598499999999995,0.443795,0.54741,0.09840000000000002
‚ôæ,226.14,2021-10-15,Music Of The Spheres,False,62,0.00941,0.576,0.896,0.955,0.153,-8.994,0.0412,135.01,4,0.412,energetic,0.7392333333333333,0.5785083333333333,0.42149166666666676,0.7392333333333333,0.24687500000000004,0.5090916666666667,0.6482166666666668,0.053505
Coloratura,617.057,2021-10-15,Music Of The Spheres,False,61,0.629,0.285,0.265,0.179,0.066,-10.836,0.0288,134.055,4,0.0699,sad,0.8168475000000001,0.1831525,0.8168475000000001,0.38634,0.49634249999999996,0.6668475,0.25738500000000003,0.62102
Sunrise,151.093,2019-11-22,Everyday Life,False,27,0.939,0.146,0.216,0.54,0.0773,-12.302,0.0399,78.045,4,0.0341,sad,0.8997024999999998,0.10029750000000001,0.8997024999999998,0.17156000000000002,0.6537075000000001,0.7497024999999999,0.130115,0.79788
Church,230.013,2019-11-22,Everyday Life,False,17,0.00865,0.449,0.736,0.145,0.147,-6.98,0.0368,123.973,4,0.133,sad,0.6460891666666667,0.3539108333333333,0.6460891666666667,0.5945433333333333,0.29866750000000003,0.6376891666666666,0.4542216666666667,0.156925
Trouble In Town,278.906,2019-11-22,Everyday Life,True,15,0.427,0.595,0.315,0.648,0.111,-11.456,0.0296,96.018,4,0.336,sad,0.6738849999999998,0.32611500000000004,0.6738849999999998,0.31116000000000005,0.6196550000000001,0.5238849999999999,0.32043000000000005,0.45180000000000003
BrokEn,150.2,2019-11-22,Everyday Life,False,15,0.923,0.55,0.271,0.0,0.147,-11.836,0.0495,130.151,4,0.521,ethereal,0.6844,0.45235916666666665,0.5476408333333334,0.4214366666666667,0.5933225,0.39764083333333333,0.4337183333333334,0.6844
Daddy,298.32,2019-11-22,Everyday Life,False,28,0.931,0.633,0.18,0.801,0.513,-19.54,0.034,116.981,4,0.2,sad,0.7785158333333333,0.22148416666666665,0.7785158333333333,0.29993666666666663,0.6075475000000001,0.6285158333333333,0.24696833333333335,0.7715000000000001
WOTW / POTP,76.933,2019-11-22,Everyday Life,False,14,0.935,0.692,0.294,0.929,0.116,-15.483,0.248,133.686,4,0.802,ethereal,0.7397,0.6308050000000001,0.36919499999999994,0.4728200000000001,0.629185,0.21919499999999995,0.56121,0.7397
Arabesque,340.28,2019-11-22,Everyday Life,True,26,0.000114,0.401,0.834,0.849,0.373,-7.727,0.055,172.009,4,0.163,energetic,0.8066633333333333,0.4413408333333333,0.5586591666666667,0.8066633333333333,0.13557750000000007,0.6090591666666666,0.5854816666666667,0.11725700000000001
When I Need A Friend,155.0,2019-11-22,Everyday Life,False,14,0.921,0.141,0.28,0.368,0.135,-18.225,0.0618,64.501,4,0.434,relaxed,0.7355475,0.3481508333333333,0.6518491666666666,0.19840333333333335,0.7355475,0.5018491666666667,0.2931016666666667,0.6897
Guns,115.08,2019-11-22,Everyday Life,True,12,0.775,0.475,0.565,0.188,0.138,-8.336,0.0326,85.25,3,0.708,happy,0.6153416666666666,0.6153416666666666,0.3846583333333334,0.43746666666666667,0.5959749999999999,0.27365833333333334,0.5512833333333333,0.5596
Orphans,197.533,2019-11-22,Everyday Life,False,32,0.0258,0.503,0.808,0.00149,0.557,-5.051,0.0451,107.973,4,0.282,energetic,0.59211,0.45157749999999997,0.5484224999999999,0.59211,0.33246749999999997,0.5832225,0.515955,0.11409999999999998
√àk√≥,157.866,2019-11-22,Everyday Life,False,14,0.722,0.341,0.365,0.00194,0.184,-13.871,0.0322,182.995,3,0.0486,sad,0.76134,0.23866,0.76134,0.58736,0.32722,0.61134,0.36544,0.64178
Cry Cry Cry,167.28,2019-11-22,Everyday Life,False,22,0.89,0.491,0.262,0.288,0.207,-10.458,0.0572,204.52,3,0.338,ethereal,0.6988,0.38139999999999996,0.6185999999999999,0.5648000000000001,0.4366,0.4685999999999999,0.44000000000000006,0.6988
Old Friends,146.946,2019-11-22,Everyday Life,False,27,0.943,0.476,0.18,0.235,0.138,-17.499,0.0346,134.025,5,0.236,ethereal,0.7703,0.2572875,0.7427124999999999,0.36035,0.5721375000000001,0.5927125,0.289775,0.7703
ÿ®ŸÜ€å ÿ¢ÿØŸÖ,194.666,2019-11-22,Everyday Life,False,14,0.758,0.393,0.301,0.764,0.161,-20.428,0.0497,140.438,3,0.0384,sad,0.8196283333333334,0.18037166666666665,0.8196283333333334,0.4224666666666666,0.4560850000000001,0.6696283333333334,0.2698233333333333,0.68102
Champion Of The World,257.546,2019-11-22,Everyday Life,False,13,0.00276,0.503,0.594,0.0102,0.109,-7.095,0.0263,108.9,4,0.168,sad,0.68025,0.31975000000000003,0.68025,0.4768,0.41435000000000005,0.58665,0.38630000000000003,0.18958000000000003
Everyday Life,258.533,2019-11-22,Everyday Life,False,29,0.775,0.512,0.452,0.0818,0.065,-8.991,0.0292,124.103,4,0.235,sad,0.6699808333333332,0.33001916666666664,0.6699808333333332,0.4631766666666667,0.4607425,0.5199808333333332,0.38163833333333336,0.6049000000000001
Flags,216.493,2019-11-22,Everyday Life,False,14,0.00107,0.55,0.796,1.18e-05,0.123,-7.262,0.0378,89.876,4,0.51,triumphant,0.5721933333333333,0.5696966666666666,0.4303033333333333,0.5485866666666668,0.42930999999999997,0.45790333333333333,0.5721933333333333,0.06373499999999999
Trouble in Town,278.906,2019-11-22,Everyday Life,False,0,0.432,0.603,0.308,0.732,0.111,-11.442,0.0291,96.032,4,0.342,sad,0.6723733333333333,0.3276266666666667,0.6723733333333333,0.3083066666666667,0.62432,0.5223733333333332,0.32005333333333336,0.4552
A Head Full of Dreams - Live in Buenos Aires,299.12,2018-12-07,Live in Buenos Aires,False,52,0.0132,0.32,0.923,0.00654,0.705,-6.33,0.136,122.756,4,0.255,energetic,0.6961866666666666,0.4821966666666666,0.5178033333333334,0.6961866666666666,0.23260999999999998,0.6216033333333334,0.5757933333333334,0.07869999999999999
Yellow - Live in Buenos Aires,350.466,2018-12-07,Live in Buenos Aires,False,55,0.000343,0.322,0.873,0.000698,0.362,-5.818,0.0639,91.033,4,0.144,melancholic,0.6996391666666666,0.3741608333333333,0.6258391666666666,0.5543433333333333,0.3147175,0.6996391666666666,0.45852166666666666,0.1094715
Every Teardrop Is a Waterfall - Live in Buenos Aires,244.306,2018-12-07,Live in Buenos Aires,False,53,0.00406,0.397,0.943,0.0,0.981,-5.619,0.0663,118.005,4,0.325,energetic,0.6973499999999999,0.5262375,0.47376250000000003,0.6973499999999999,0.24848750000000006,0.5895625000000001,0.6038749999999999,0.05413000000000001
The Scientist - Live in Buenos Aires,388.6,2018-12-07,Live in Buenos Aires,False,56,0.105,0.294,0.652,0.00196,0.378,-7.314,0.0336,75.335,4,0.167,sad,0.6914208333333333,0.3085791666666667,0.6914208333333333,0.39381666666666665,0.4690625,0.6326208333333333,0.35315833333333335,0.22349999999999998
God Put a Smile upon Your Face - Live in Buenos Aires,274.053,2018-12-07,Live in Buenos Aires,True,50,0.000615,0.345,0.967,0.000117,0.89,-4.687,0.0837,137.917,4,0.366,energetic,0.7798233333333333,0.5746308333333333,0.4253691666666667,0.7798233333333333,0.1949075,0.5555691666666667,0.6630616666666667,0.03700750000000001
Paradise - Live in Buenos Aires,419.373,2018-12-07,Live in Buenos Aires,False,53,0.00193,0.189,0.872,0.0187,0.898,-6.616,0.051,138.661,4,0.19,energetic,0.7172033333333333,0.4411508333333333,0.5588491666666666,0.7172033333333333,0.2053475,0.6320491666666667,0.5559016666666667,0.101365
Always in My Head - Live in Buenos Aires,221.2,2018-12-07,Live in Buenos Aires,False,49,0.00157,0.46,0.771,0.827,0.975,-7.872,0.0314,97.555,3,0.147,melancholic,0.6618041666666666,0.35079583333333336,0.6492041666666666,0.5253833333333334,0.35001249999999995,0.6618041666666666,0.4297916666666667,0.140085
Magic - Live in Buenos Aires,285.84,2018-12-07,Live in Buenos Aires,False,50,0.0162,0.474,0.836,0.381,0.748,-6.547,0.0618,95.544,4,0.479,triumphant,0.58524,0.56782,0.43218,0.5843799999999999,0.38894,0.48378,0.58524,0.061500000000000006
Everglow - Live in Buenos Aires,295.373,2018-12-07,Live in Buenos Aires,False,51,0.711,0.292,0.434,0.000205,0.383,-8.881,0.033,154.04,4,0.234,sad,0.6510333333333334,0.34896666666666665,0.6510333333333334,0.5538666666666666,0.39470000000000005,0.5010333333333333,0.42393333333333333,0.5785
Clocks - Live in Buenos Aires,260.2,2018-12-07,Live in Buenos Aires,False,52,0.065,0.448,0.907,0.0125,0.391,-5.253,0.0531,130.898,4,0.23,energetic,0.7128266666666667,0.4691816666666667,0.5308183333333333,0.7128266666666667,0.215255,0.6250183333333332,0.5729633333333334,0.1144
Midnight - Live in Buenos Aires,105.68,2018-12-07,Live in Buenos Aires,False,48,0.0428,0.359,0.768,0.46,0.319,-9.32,0.0431,126.99,4,0.119,melancholic,0.653175,0.35762499999999997,0.6423749999999999,0.6192,0.27232500000000004,0.653175,0.46645,0.16720000000000002
Charlie Brown - Live in Buenos Aires,284.426,2018-12-07,Live in Buenos Aires,False,51,0.00181,0.312,0.87,0.00132,0.345,-6.634,0.0503,138.03,4,0.28,energetic,0.7231000000000001,0.49402500000000005,0.505975,0.7231000000000001,0.225925,0.577975,0.5900500000000001,0.08390500000000001
Hymn for the Weekend - Live in Buenos Aires,302.946,2018-12-07,Live in Buenos Aires,False,53,0.0399,0.17,0.708,0.00945,0.354,-6.997,0.0417,89.641,4,0.251,sad,0.6122991666666666,0.38770083333333333,0.6122991666666666,0.47790333333333335,0.4220975,0.5870991666666666,0.4330016666666667,0.15735000000000002
Fix You - Live in Buenos Aires,327.466,2018-12-07,Live in Buenos Aires,False,64,0.00534,0.256,0.625,0.00386,0.179,-7.53,0.0348,140.351,4,0.201,sad,0.6249408333333332,0.37505916666666667,0.6249408333333332,0.6004366666666667,0.3268225,0.5499408333333332,0.4643183333333334,0.17497
Viva La Vida - Live in Buenos Aires,251.066,2018-12-07,Live in Buenos Aires,False,65,0.00537,0.428,0.948,1.29e-06,0.371,-4.655,0.0934,138.015,4,0.219,energetic,0.7559499999999999,0.4808124999999999,0.5191875,0.7559499999999999,0.17476250000000007,0.6379875,0.5968249999999999,0.07448500000000002
Adventure of a Lifetime - Live in Buenos Aires,306.546,2018-12-07,Live in Buenos Aires,False,52,0.00297,0.476,0.952,0.013,0.777,-5.472,0.0884,111.98,4,0.275,energetic,0.6767666666666666,0.49391666666666667,0.5060833333333333,0.6767666666666666,0.24905,0.6272833333333333,0.5774333333333334,0.06088500000000001
De M√∫sica Ligera - Live in Buenos Aires,369.306,2018-12-07,Live in Buenos Aires,False,50,0.00262,0.196,0.937,1.75e-06,0.397,-5.813,0.138,124.401,4,0.0819,melancholic,0.7282925,0.38390750000000007,0.6160925,0.6913600000000001,0.18687749999999997,0.7282925,0.5148950000000001,0.10382999999999999
Colour Spectrum - Live in Buenos Aires,117.76,2018-12-07,Live in Buenos Aires,False,45,0.763,0.253,0.454,0.892,0.378,-11.742,0.0362,85.508,4,0.133,sad,0.7627433333333333,0.23725666666666664,0.7627433333333333,0.32532666666666665,0.53583,0.6127433333333334,0.27731333333333336,0.6187
In My Place - Live in Buenos Aires,277.8,2018-12-07,Live in Buenos Aires,False,48,0.171,0.121,0.699,0.00104,0.965,-6.956,0.043,78.393,4,0.326,sad,0.5793725,0.4206275,0.5793725,0.44341,0.4697175,0.5487724999999999,0.440655,0.2106
Amor Argentina - Live in Buenos Aires,316.2,2018-12-07,Live in Buenos Aires,False,44,0.252,0.233,0.675,0.0181,0.854,-8.374,0.0501,134.173,4,0.317,energetic,0.6164433333333333,0.4545108333333334,0.5454891666666666,0.6164433333333333,0.3404675,0.5004891666666667,0.5204216666666668,0.2601
Something Just like This - Live in Buenos Aires,244.24,2018-12-07,Live in Buenos Aires,False,54,0.00072,0.426,0.859,0.000775,0.456,-5.866,0.0448,102.913,4,0.17,melancholic,0.6699391666666665,0.3954608333333334,0.6045391666666666,0.5895433333333333,0.2972175,0.6699391666666665,0.48312166666666667,0.10865999999999999
A Sky Full of Stars - Live in Buenos Aires,276.36,2018-12-07,Live in Buenos Aires,False,53,0.00255,0.415,0.808,0.000606,0.982,-6.596,0.0367,124.893,4,0.2,energetic,0.64031,0.4164775,0.5835224999999999,0.64031,0.27376749999999994,0.6183225,0.511355,0.11887499999999998
Up&Up - Live in Buenos Aires,525.706,2018-12-07,Live in Buenos Aires,False,48,0.0115,0.108,0.82,2.41e-05,0.659,-5.61,0.075,67.092,3,0.15,melancholic,0.70009,0.34191,0.6580900000000001,0.44864,0.40227,0.70009,0.39982,0.12975
End Credits - Live in Buenos Aires,123.24,2018-12-07,Live in Buenos Aires,False,43,0.000119,0.156,0.217,0.929,0.102,-18.429,0.0451,74.901,4,0.0936,sad,0.8663225,0.1336775,0.8663225,0.16752999999999998,0.6729675,0.7163225,0.149075,0.3162395
A Head Full of Dreams,294.44,2018-12-07,Love in Tokyo,False,14,0.0948,0.307,0.92,0.00308,0.4,-6.967,0.166,122.836,4,0.152,energetic,0.6846533333333333,0.41956333333333334,0.5804366666666666,0.6846533333333333,0.21331,0.6824366666666666,0.5335266666666667,0.141
Yellow - Live,294.2,2018-12-07,Love in Tokyo,False,16,8.92e-05,0.299,0.828,0.00295,0.931,-5.659,0.0461,90.993,4,0.23,melancholic,0.6345725,0.41222749999999997,0.5877724999999999,0.54031,0.3545175,0.6345725,0.474855,0.10564460000000002
The Scientist - Live,353.333,2018-12-07,Love in Tokyo,False,14,0.0479,0.389,0.634,0.0116,0.734,-8.391,0.0339,75.219,4,0.23,sad,0.6591175,0.34088250000000003,0.6591175,0.39073,0.49095249999999996,0.5895175,0.370965,0.18774999999999997
Paradise - Live,411.853,2018-12-07,Love in Tokyo,False,12,0.00537,0.183,0.883,0.000957,0.756,-6.382,0.0497,138.909,4,0.107,energetic,0.71523,0.3948575,0.6051424999999999,0.71523,0.18262750000000003,0.6849425,0.527515,0.116385
Everglow - Live,265.0,2018-12-07,Love in Tokyo,False,11,0.738,0.409,0.376,4.88e-06,0.84,-10.806,0.0325,78.552,4,0.287,sad,0.69954,0.30046,0.69954,0.27854,0.62302,0.54954,0.29612,0.5988
Midnight / Charlie Brown - Live,447.933,2018-12-07,Love in Tokyo,False,10,0.0136,0.181,0.75,0.0268,0.173,-9.07,0.054,134.272,4,0.0709,sad,0.6705666666666665,0.32943333333333336,0.6705666666666665,0.6296633333333334,0.25350000000000006,0.6705666666666665,0.4521466666666667,0.16762
Hymn for the Weekend - Live,222.146,2018-12-07,Love in Tokyo,False,12,0.00451,0.416,0.769,0.0192,0.91,-6.703,0.0409,90.034,4,0.413,energetic,0.5259133333333333,0.5035283333333332,0.4964716666666666,0.5259133333333333,0.423015,0.5078716666666666,0.5228566666666667,0.08895499999999998
Fix You - Live,352.2,2018-12-07,Love in Tokyo,False,14,0.0133,0.261,0.54,0.392,0.461,-9.173,0.0344,140.11,4,0.0817,sad,0.7222216666666667,0.27777833333333335,0.7222216666666667,0.5452033333333335,0.34606499999999996,0.5962216666666666,0.38219666666666674,0.22830999999999999
Viva La Vida - Live,252.346,2018-12-07,Love in Tokyo,False,16,0.00199,0.451,0.905,0.0411,0.196,-7.154,0.0664,137.953,4,0.14,energetic,0.7263433333333333,0.4204608333333334,0.5795391666666666,0.7263433333333333,0.18061749999999996,0.6725391666666666,0.5479216666666668,0.10149499999999999
Adventure of a Lifetime - Live,291.466,2018-12-07,Love in Tokyo,False,13,0.000602,0.506,0.935,0.000173,0.938,-6.455,0.0627,112.031,4,0.341,energetic,0.6750366666666667,0.5284591666666667,0.4715408333333333,0.6750366666666667,0.2706225,0.5825408333333334,0.5971183333333334,0.05160099999999998
Us Against the World - Live,381.613,2018-12-07,Love in Tokyo,False,10,0.4,0.233,0.52,0.0116,0.955,-9.919,0.0324,111.451,3,0.0866,sad,0.7491641666666666,0.25083583333333337,0.7491641666666666,0.44016333333333335,0.4286925,0.6111641666666666,0.3283916666666667,0.42667999999999995
Something Just like That - Live,244.693,2018-12-07,Love in Tokyo,False,12,0.000804,0.427,0.797,0.00594,0.424,-7.685,0.0442,102.943,4,0.161,melancholic,0.6567141666666667,0.37148583333333335,0.6285141666666666,0.5577433333333334,0.3263425,0.6567141666666667,0.4547716666666667,0.129102
A Sky Full of Stars - Live,293.653,2018-12-07,Love in Tokyo,False,15,0.0102,0.375,0.747,1.39e-05,0.757,-6.261,0.0378,125.009,4,0.241,energetic,0.6142966666666667,0.42287416666666666,0.5771258333333333,0.6142966666666667,0.3121775,0.5753258333333333,0.5035483333333334,0.1328
Up&Up - Live,570.12,2018-12-07,Love in Tokyo,False,10,0.00482,0.0973,0.779,0.0115,0.195,-6.74,0.0757,72.528,4,0.117,melancholic,0.7030599999999999,0.31434,0.6856599999999999,0.44296,0.40257999999999994,0.7030599999999999,0.37928000000000006,0.14531
A Head Full of Dreams,223.773,2015-12-04,A Head Full of Dreams,False,70,0.0021,0.449,0.92,0.0167,0.334,-4.982,0.0737,122.984,4,0.0772,melancholic,0.7271933333333332,0.37480666666666673,0.6251933333333333,0.6776666666666666,0.19798000000000002,0.7271933333333332,0.5038533333333334,0.10961
Birds,229.093,2015-12-04,A Head Full of Dreams,False,66,0.000315,0.559,0.841,0.437,0.0816,-5.584,0.0332,105.009,4,0.147,melancholic,0.6765924999999998,0.37800749999999994,0.6219924999999998,0.58523,0.29637749999999996,0.6765924999999998,0.47021500000000005,0.1184575
Hymn for the Weekend,258.266,2015-12-04,A Head Full of Dreams,False,86,0.211,0.491,0.693,6.92e-06,0.325,-6.487,0.0377,90.027,4,0.412,sad,0.5198775000000001,0.48012249999999995,0.5198775000000001,0.48779,0.4608325,0.4856775000000001,0.492045,0.2152
Everglow,282.693,2015-12-04,A Head Full of Dreams,False,71,0.456,0.534,0.445,0.0684,0.112,-9.155,0.0292,146.107,4,0.136,sad,0.7131441666666666,0.28685583333333337,0.7131441666666666,0.5231233333333334,0.38943249999999996,0.5631441666666666,0.3759116666666667,0.46729999999999994
Adventure of a Lifetime,263.786,2015-12-04,A Head Full of Dreams,False,80,0.00205,0.638,0.924,0.000175,0.149,-3.887,0.036,111.995,4,0.53,energetic,0.6883166666666668,0.6385291666666666,0.3614708333333333,0.6883166666666668,0.3140125,0.46587083333333335,0.6682583333333334,0.029824999999999994
Fun (feat. Tove Lo),267.533,2015-12-04,A Head Full of Dreams,False,59,0.271,0.485,0.735,7.49e-06,0.0853,-5.125,0.0354,134.021,4,0.216,energetic,0.6358366666666665,0.4117841666666666,0.5882158333333333,0.6358366666666665,0.29064750000000006,0.5792158333333333,0.5037683333333333,0.27180000000000004
Kaleidoscope,111.853,2015-12-04,A Head Full of Dreams,False,54,0.964,0.288,0.285,0.897,0.406,-18.193,0.0355,127.122,4,0.148,sad,0.769765,0.230235,0.769765,0.38104,0.519295,0.619765,0.28507,0.7669
Army of One,376.826,2015-12-04,A Head Full of Dreams,False,58,0.275,0.387,0.659,6.44e-05,0.0861,-6.492,0.0434,146.048,4,0.287,energetic,0.6450266666666666,0.4416066666666667,0.5583933333333333,0.6450266666666666,0.31278,0.5037933333333333,0.5218133333333334,0.28240000000000004
Amazing Day,271.106,2015-12-04,A Head Full of Dreams,False,61,0.017,0.451,0.636,0.435,0.141,-5.796,0.0274,97.041,3,0.289,sad,0.6049325000000001,0.39506749999999996,0.6049325000000001,0.47037,0.44719749999999997,0.5365325000000001,0.431735,0.15990000000000001
Colour Spectrum,60.106,2015-12-04,A Head Full of Dreams,False,53,0.852,0.348,0.166,0.915,0.137,-20.349,0.0376,123.58,4,0.0337,sad,0.8769966666666666,0.12300333333333333,0.8769966666666666,0.2983033333333333,0.5647899999999999,0.7269966666666666,0.18584666666666666,0.7694599999999999
Up&Up,405.32,2015-12-04,A Head Full of Dreams,False,72,0.0488,0.479,0.717,0.000333,0.102,-5.459,0.0605,163.989,4,0.253,energetic,0.73043,0.4535575,0.5464425,0.73043,0.23212750000000001,0.5266425,0.561315,0.1587
A Head Full of Dreams,223.773,2015-12-04,A Head Full of Dreams Tour Edition,False,18,0.0021,0.449,0.92,0.0167,0.334,-4.982,0.0737,122.984,4,0.0772,melancholic,0.7271933333333332,0.37480666666666673,0.6251933333333333,0.6776666666666666,0.19798000000000002,0.7271933333333332,0.5038533333333334,0.10961
Birds,229.093,2015-12-04,A Head Full of Dreams Tour Edition,False,16,0.000315,0.559,0.841,0.437,0.0816,-5.584,0.0332,105.009,4,0.147,melancholic,0.6765924999999998,0.37800749999999994,0.6219924999999998,0.58523,0.29637749999999996,0.6765924999999998,0.47021500000000005,0.1184575
Hymn for the Weekend,258.266,2015-12-04,A Head Full of Dreams Tour Edition,False,26,0.211,0.491,0.693,6.92e-06,0.325,-6.487,0.0377,90.027,4,0.412,sad,0.5198775000000001,0.48012249999999995,0.5198775000000001,0.48779,0.4608325,0.4856775000000001,0.492045,0.2152
Everglow,282.693,2015-12-04,A Head Full of Dreams Tour Edition,False,19,0.456,0.534,0.445,0.0684,0.112,-9.155,0.0292,146.107,4,0.136,sad,0.7131441666666666,0.28685583333333337,0.7131441666666666,0.5231233333333334,0.38943249999999996,0.5631441666666666,0.3759116666666667,0.46729999999999994
Adventure of a Lifetime,263.786,2015-12-04,A Head Full of Dreams Tour Edition,False,23,0.00205,0.638,0.924,0.000175,0.149,-3.887,0.036,111.995,4,0.53,energetic,0.6883166666666668,0.6385291666666666,0.3614708333333333,0.6883166666666668,0.3140125,0.46587083333333335,0.6682583333333334,0.029824999999999994
Fun (feat. Tove Lo),267.533,2015-12-04,A Head Full of Dreams Tour Edition,False,16,0.271,0.485,0.735,7.49e-06,0.0853,-5.125,0.0354,134.021,4,0.216,energetic,0.6358366666666665,0.4117841666666666,0.5882158333333333,0.6358366666666665,0.29064750000000006,0.5792158333333333,0.5037683333333333,0.27180000000000004
Kaleidoscope,111.853,2015-12-04,A Head Full of Dreams Tour Edition,False,13,0.964,0.288,0.285,0.897,0.406,-18.193,0.0355,127.122,4,0.148,sad,0.769765,0.230235,0.769765,0.38104,0.519295,0.619765,0.28507,0.7669
Army of One,376.826,2015-12-04,A Head Full of Dreams Tour Edition,False,15,0.275,0.387,0.659,6.44e-05,0.0861,-6.492,0.0434,146.048,4,0.287,energetic,0.6450266666666666,0.4416066666666667,0.5583933333333333,0.6450266666666666,0.31278,0.5037933333333333,0.5218133333333334,0.28240000000000004
Amazing Day,271.106,2015-12-04,A Head Full of Dreams Tour Edition,False,15,0.017,0.451,0.636,0.435,0.141,-5.796,0.0274,97.041,3,0.289,sad,0.6049325000000001,0.39506749999999996,0.6049325000000001,0.47037,0.44719749999999997,0.5365325000000001,0.431735,0.15990000000000001
Colour Spectrum,60.106,2015-12-04,A Head Full of Dreams Tour Edition,False,13,0.852,0.348,0.166,0.915,0.137,-20.349,0.0376,123.58,4,0.0337,sad,0.8769966666666666,0.12300333333333333,0.8769966666666666,0.2983033333333333,0.5647899999999999,0.7269966666666666,0.18584666666666666,0.7694599999999999
Up&Up,405.32,2015-12-04,A Head Full of Dreams Tour Edition,False,17,0.0488,0.479,0.717,0.000333,0.102,-5.459,0.0605,163.989,4,0.253,energetic,0.73043,0.4535575,0.5464425,0.73043,0.23212750000000001,0.5266425,0.561315,0.1587
Adventure of a Lifetime - Matoma Remix,250.714,2015-12-04,A Head Full of Dreams Tour Edition,False,19,0.00381,0.651,0.771,1.71e-05,0.238,-6.541,0.0313,112.015,4,0.456,energetic,0.6044833333333334,0.5482458333333333,0.4517541666666667,0.6044833333333334,0.3756625,0.4643541666666667,0.5774916666666667,0.079405
Hymn for the Weekend - Seeb Remix,212.647,2015-12-04,A Head Full of Dreams Tour Edition,False,40,0.00868,0.564,0.849,4.68e-06,0.12,-3.516,0.0517,102.028,4,0.427,energetic,0.6072933333333334,0.5459233333333332,0.45407666666666663,0.6072933333333334,0.35583,0.5134766666666666,0.5804466666666667,0.06424
Up&Up - Freedo Remix,210.294,2015-12-04,A Head Full of Dreams Tour Edition,False,16,0.103,0.806,0.657,0.00283,0.126,-5.947,0.0688,97.986,4,0.289,sad,0.5978450000000001,0.40215499999999993,0.5978450000000001,0.48402000000000006,0.43433499999999997,0.5420450000000001,0.44171000000000005,0.1966
"Magic - Live at the Enmore Theatre, Sydney; 2016 Remaster",300.306,2015-12-04,A Head Full of Dreams Tour Edition,False,14,0.235,0.557,0.542,0.141,0.715,-8.945,0.0439,93.312,4,0.301,sad,0.62904,0.37095999999999996,0.62904,0.41214,0.50592,0.50424,0.39272000000000007,0.2947
"Clocks - Live at the Enmore Theatre, Sydney",260.666,2015-12-04,A Head Full of Dreams Tour Edition,False,15,0.0539,0.493,0.864,0.19,0.668,-4.613,0.0399,130.983,4,0.231,energetic,0.69171,0.4569525,0.5430475,0.69171,0.23674249999999997,0.6114475,0.556305,0.12155000000000002
"Viva La Vida - Live at the Enmore Theatre, Sydney",251.72,2015-12-04,A Head Full of Dreams Tour Edition,False,17,0.0139,0.443,0.942,3.58e-06,0.886,-4.136,0.11,137.986,4,0.309,energetic,0.7618533333333334,0.5329883333333333,0.4670116666666667,0.7618533333333334,0.19583500000000004,0.5822116666666667,0.6303766666666667,0.06255000000000002
"Oceans - Live at the Enmore Theatre, Sydney",240.053,2015-12-04,A Head Full of Dreams Tour Edition,False,12,0.837,0.384,0.414,0.0209,0.147,-9.223,0.0293,74.978,4,0.177,sad,0.7571183333333333,0.24288166666666666,0.7571183333333333,0.27462666666666663,0.590955,0.6071183333333333,0.26136333333333334,0.6589
"A Sky Full of Stars - Live at the Enmore Theatre, Sydney",347.706,2015-12-04,A Head Full of Dreams Tour Edition,False,16,0.0603,0.236,0.825,0.000713,0.41,-5.273,0.0578,124.938,4,0.189,energetic,0.64786,0.415015,0.5849849999999999,0.64786,0.26295500000000005,0.6299849999999999,0.51383,0.14485000000000003
"Always in My Head - Live at the Royal Albert Hall, London",237.266,2014-11-21,Ghost Stories Live 2014,False,45,0.0159,0.476,0.698,0.569,0.994,-8.451,0.0332,97.497,3,0.157,sad,0.6651524999999999,0.33484749999999996,0.6651524999999999,0.48968999999999996,0.3886575,0.6339524999999999,0.40449500000000005,0.16715000000000002
"Magic - Live at the Enmore Theatre, Sydney",292.146,2014-11-21,Ghost Stories Live 2014,False,49,0.18,0.5,0.502,0.0887,0.729,-11.775,0.0424,93.361,4,0.362,sad,0.6043991666666667,0.3956008333333333,0.6043991666666667,0.39840333333333333,0.5379975,0.4555991666666666,0.4012016666666667,0.267
"Ink - Live at Le Casino De Paris, Paris",249.36,2014-11-21,Ghost Stories Live 2014,False,45,0.00645,0.584,0.735,0.433,0.958,-7.147,0.0395,112.025,4,0.345,energetic,0.5754166666666667,0.4708541666666667,0.5291458333333333,0.5754166666666667,0.37143750000000003,0.5201458333333333,0.5187083333333333,0.11372500000000002
"True Love - Live at the Enmore Theatre, Sydney",260.026,2014-11-21,Ghost Stories Live 2014,False,42,0.00195,0.463,0.758,0.0332,0.921,-7.939,0.0369,120.03,4,0.184,melancholic,0.616975,0.387825,0.612175,0.5974999999999999,0.30772499999999997,0.616975,0.47685,0.136775
"Midnight - Live at the Royal Albert Hall, London",288.666,2014-11-21,Ghost Stories Live 2014,False,42,0.188,0.459,0.574,0.705,0.958,-10.416,0.0334,126.987,4,0.0874,sad,0.7195374999999999,0.2804625,0.7195374999999999,0.5190299999999999,0.3630125,0.6139374999999999,0.376205,0.30432
"Another's Arms - Live at the Beacon Theatre, New York",235.88,2014-11-21,Ghost Stories Live 2014,False,41,0.00231,0.509,0.722,0.0469,0.981,-8.088,0.0306,80.008,4,0.497,happy,0.5314733333333332,0.5314733333333332,0.46852666666666665,0.47739333333333334,0.48838,0.45172666666666667,0.5209466666666667,0.08515500000000001
"Oceans - Live at E-Werk, Cologne",268.786,2014-11-21,Ghost Stories Live 2014,False,40,0.875,0.363,0.426,0.177,0.15,-11.428,0.0312,75.201,4,0.126,sad,0.7839325,0.2160675,0.7839325,0.27626999999999996,0.5741975,0.6339325,0.246135,0.6845
"A Sky Full of Stars - Live at the Royal Albert Hall, London",278.266,2014-11-21,Ghost Stories Live 2014,False,58,0.00416,0.467,0.765,5.93e-05,0.708,-7.846,0.0311,125.013,4,0.186,energetic,0.61781,0.39527749999999995,0.6047224999999999,0.61781,0.2921675,0.6137225,0.48875500000000005,0.13538
"O - Live at Royce Hall, Los Angeles",336.066,2014-11-21,Ghost Stories Live 2014,False,42,0.378,0.308,0.364,0.946,0.932,-12.183,0.0306,135.975,4,0.0688,sad,0.7862075,0.2137925,0.7862075,0.44212999999999997,0.4418225,0.6362075,0.299745,0.46604
Always in My Head,216.626,2014-05-19,Ghost Stories,False,68,0.0127,0.495,0.502,0.689,0.068,-9.307,0.0259,97.546,3,0.0394,sad,0.7944716666666666,0.2055283333333333,0.7944716666666666,0.38009333333333334,0.46301499999999995,0.6456716666666666,0.2791366666666667,0.24787
Magic,285.014,2014-05-19,Ghost Stories,False,76,0.0266,0.738,0.482,0.621,0.106,-8.917,0.0402,93.457,4,0.352,sad,0.6163191666666666,0.38368083333333325,0.6163191666666666,0.3877233333333333,0.5457575,0.4663191666666667,0.38936166666666666,0.19830000000000003
Ink,228.373,2014-05-19,Ghost Stories,False,64,0.0647,0.688,0.705,0.124,0.118,-7.311,0.0323,112.019,4,0.696,happy,0.6724491666666667,0.6724491666666667,0.32755083333333335,0.5954966666666667,0.4566525,0.3005508333333333,0.6470983333333333,0.16005
True Love,246.0,2014-05-19,Ghost Stories,False,60,0.00376,0.482,0.573,0.077,0.123,-7.966,0.028,119.991,4,0.184,sad,0.6677075,0.3322925,0.6677075,0.5048699999999999,0.4003225,0.5615075,0.40278499999999995,0.19318000000000002
Midnight,294.666,2014-05-19,Ghost Stories,False,67,0.615,0.548,0.475,0.808,0.0944,-12.42,0.0355,126.974,4,0.0349,sad,0.7807483333333332,0.21925166666666665,0.7807483333333332,0.4642366666666667,0.402045,0.6307483333333332,0.3155833333333333,0.55802
Another's Arms,234.413,2014-05-19,Ghost Stories,False,55,0.00715,0.516,0.572,0.254,0.139,-9.037,0.0291,160.023,4,0.351,energetic,0.65451,0.4655525,0.5344475000000001,0.65451,0.3341425,0.4276475,0.535905,0.161775
Oceans,321.68,2014-05-19,Ghost Stories,False,54,0.919,0.194,0.132,0.181,0.159,-15.783,0.0349,74.845,4,0.04,sad,0.9240291666666666,0.07597083333333333,0.9240291666666666,0.11948333333333333,0.7048875,0.7740291666666665,0.09354166666666666,0.8119
A Sky Full of Stars,267.866,2014-05-19,Ghost Stories,False,87,0.00617,0.545,0.675,0.00197,0.209,-6.474,0.0279,124.97,4,0.162,sad,0.6461583333333333,0.3538416666666667,0.6461583333333333,0.5702666666666667,0.33247499999999997,0.6011583333333332,0.4430833333333334,0.16818499999999997
O,323.48,2014-05-19,Ghost Stories,False,64,0.911,0.371,0.216,0.826,0.0934,-14.727,0.0358,136.998,4,0.0645,sad,0.832335,0.167665,0.832335,0.37111,0.512405,0.6823350000000001,0.24053000000000002,0.7778
Mylo Xyloto - Live,57.618,2012-11-19,Live 2012,False,42,0.328,0.0714,0.881,0.993,0.583,-7.189,0.182,177.309,3,0.0399,energetic,0.83552,0.3859975,0.6140024999999999,0.83552,0.07420750000000001,0.6926024999999999,0.563875,0.29172
Hurts Like Heaven - Live,256.333,2012-11-19,Live 2012,True,44,0.000429,0.398,0.918,0.0386,0.944,-6.944,0.0531,89.992,4,0.103,melancholic,0.7386066666666666,0.36219333333333326,0.6378066666666666,0.5692733333333333,0.28662,0.7386066666666666,0.4583866666666667,0.1042145
In My Place - Live 2012,235.306,2012-11-19,Live 2012,False,48,0.00033,0.349,0.729,0.022,0.981,-7.059,0.0372,144.785,4,0.233,energetic,0.6704166666666667,0.42915416666666667,0.5708458333333333,0.6704166666666667,0.27013750000000003,0.5582458333333333,0.5261083333333334,0.134865
Major Minus - Live,219.973,2012-11-19,Live 2012,True,41,0.00159,0.226,0.869,0.106,0.994,-7.091,0.0579,113.717,4,0.358,energetic,0.6493566666666666,0.5202641666666666,0.4797358333333333,0.6493566666666666,0.3028075,0.5511358333333334,0.5803283333333333,0.068495
Yellow - Live,411.973,2012-11-19,Live 2012,False,53,0.0643,0.253,0.689,0.00933,0.92,-7.82,0.0447,93.919,4,0.0848,sad,0.7141541666666666,0.2858458333333333,0.7141541666666666,0.4660433333333333,0.3876625,0.6775541666666666,0.36605166666666666,0.20849
God Put a Smile upon Your Face - Live,321.973,2012-11-19,Live 2012,True,42,0.00979,0.156,0.751,0.053,0.987,-6.848,0.0578,138.071,4,0.0616,melancholic,0.6732808333333333,0.32731916666666666,0.6726808333333333,0.6418966666666667,0.24164249999999998,0.6732808333333333,0.45515833333333333,0.167275
Princess of China - Live,228.96,2012-11-19,Live 2012,False,43,0.00883,0.391,0.904,0.11,0.985,-5.786,0.0889,85.027,4,0.43,energetic,0.5784233333333334,0.5500558333333333,0.4499441666666667,0.5784233333333334,0.3714325,0.5423441666666667,0.5753116666666668,0.04721499999999999
Up in Flames - Live,197.84,2012-11-19,Live 2012,False,40,0.201,0.546,0.53,0.128,0.767,-8.064,0.0435,76.023,4,0.479,relaxed,0.5907425,0.4597525,0.5402475,0.36631,0.5907425,0.4082475,0.430305,0.2457
Viva La Vida - Live,298.333,2012-11-19,Live 2012,False,58,0.0123,0.452,0.821,0.09,0.874,-6.828,0.0397,137.965,4,0.338,energetic,0.7041833333333334,0.5140708333333333,0.48592916666666663,0.7041833333333334,0.2621875,0.5285291666666666,0.5935416666666666,0.09225000000000001
Charlie Brown - Live,300.746,2012-11-19,Live 2012,False,48,0.0102,0.35,0.863,0.0201,0.445,-6.628,0.0623,137.92,4,0.138,energetic,0.7050333333333334,0.4066333333333333,0.5933666666666667,0.7050333333333334,0.20130000000000003,0.6611666666666667,0.5302666666666667,0.11860000000000001
Paradise - Live,332.08,2012-11-19,Live 2012,False,54,0.0255,0.332,0.801,0.082,0.753,-7.622,0.0522,139.791,4,0.372,energetic,0.70367,0.5299925,0.47000749999999997,0.70367,0.2744225,0.5006075,0.6021850000000001,0.09804999999999998
Us Against the World - Live,232.2,2012-11-19,Live 2012,False,42,0.571,0.154,0.623,4.12e-05,0.986,-8.428,0.0551,76.873,4,0.393,sad,0.5632391666666666,0.4367608333333333,0.5632391666666666,0.40704333333333337,0.5249174999999999,0.48703916666666663,0.43452166666666664,0.41999999999999993
Clocks - Live,284.96,2012-11-19,Live 2012,False,49,0.0572,0.451,0.908,0.418,0.381,-6.386,0.0625,131.011,4,0.29,energetic,0.7197033333333334,0.5055758333333333,0.49442416666666666,0.7197033333333334,0.2264725,0.5892241666666667,0.5975516666666667,0.0982
Fix You - Live,300.653,2012-11-19,Live 2012,False,55,0.00264,0.165,0.551,0.242,0.477,-7.62,0.0346,140.52,4,0.181,sad,0.6589999999999999,0.34099999999999997,0.6589999999999999,0.562,0.35939999999999994,0.5396,0.42700000000000005,0.19982
Every Teardrop Is a Waterfall - Live,324.306,2012-11-19,Live 2012,False,45,0.0124,0.25,0.971,0.000145,0.985,-7.516,0.154,118.206,4,0.264,energetic,0.70592,0.498205,0.501795,0.70592,0.22178500000000004,0.6343949999999999,0.59101,0.0621
Mylo Xyloto,42.106,2011-10-24,Mylo Xyloto,False,53,0.437,0.151,0.389,0.961,0.228,-12.798,0.038,100.707,1,0.223,sad,0.7155775,0.2844225,0.7155775,0.35248999999999997,0.5483325,0.5655775000000001,0.312645,0.4572
Hurts Like Heaven,242.253,2011-10-24,Mylo Xyloto,False,59,0.01,0.418,0.773,0.00418,0.269,-6.187,0.0305,89.961,4,0.273,melancholic,0.5931325000000001,0.42066749999999997,0.5793325,0.5136700000000001,0.3931975,0.5931325000000001,0.46833500000000006,0.1185
Paradise,278.719,2011-10-24,Mylo Xyloto,False,86,0.0509,0.449,0.585,8.75e-05,0.0833,-6.761,0.0268,139.631,4,0.212,sad,0.6309408333333333,0.36905916666666666,0.6309408333333333,0.5791366666666667,0.3508225,0.5319408333333333,0.45151833333333335,0.20755
Charlie Brown,285.159,2011-10-24,Mylo Xyloto,False,73,0.0212,0.43,0.74,0.00165,0.33,-7.072,0.0375,137.978,4,0.0948,sad,0.6561383333333333,0.3438616666666667,0.6561383333333333,0.6394066666666668,0.254015,0.6501383333333333,0.4638833333333333,0.16964
Us Against the World,239.767,2011-10-24,Mylo Xyloto,False,60,0.845,0.507,0.304,1.03e-05,0.0741,-11.096,0.0278,112.371,3,0.195,sad,0.7481575,0.25184249999999997,0.7481575,0.34607000000000004,0.5560725000000001,0.5981574999999999,0.286885,0.6922999999999999
M.M.I.X.,48.466,2011-10-24,Mylo Xyloto,False,47,0.939,0.174,0.0613,0.867,0.095,-29.286,0.0538,126.857,3,0.154,sad,0.8334958333333333,0.16650416666666668,0.8334958333333333,0.2689066666666667,0.6330075000000001,0.6834958333333333,0.19754833333333333,0.82031
Every Teardrop Is a Waterfall,240.796,2011-10-24,Mylo Xyloto,False,74,0.00194,0.425,0.732,0.0103,0.171,-6.883,0.0396,117.98,4,0.333,energetic,0.5925666666666667,0.46771666666666667,0.5322833333333333,0.5925666666666667,0.35564999999999997,0.5214833333333333,0.5226333333333334,0.11477
Major Minus,210.324,2011-10-24,Mylo Xyloto,False,50,0.000236,0.445,0.669,0.796,0.606,-5.232,0.0325,115.416,4,0.398,energetic,0.5590200000000001,0.48568,0.51432,0.5590200000000001,0.40656,0.46572,0.5191600000000001,0.11981799999999998
U.F.O.,137.819,2011-10-24,Mylo Xyloto,False,50,0.731,0.216,0.395,0.0167,0.338,-11.791,0.0361,83.697,3,0.206,sad,0.7381525,0.2618475,0.7381525,0.29709,0.5844575,0.5881525000000001,0.279895,0.6057999999999999
Princess of China,239.215,2011-10-24,Mylo Xyloto,False,72,0.00385,0.42,0.69,0.015,0.287,-6.221,0.0347,85.014,4,0.237,sad,0.6299549999999999,0.37004499999999996,0.6299549999999999,0.45208,0.439865,0.5939549999999999,0.41248999999999997,0.14752500000000002
Up in Flames,193.24,2011-10-24,Mylo Xyloto,False,52,0.235,0.641,0.244,0.0337,0.104,-11.051,0.0301,76.006,4,0.337,sad,0.7112616666666667,0.2887383333333334,0.7112616666666667,0.20905333333333334,0.705385,0.5612616666666667,0.2590766666666667,0.3769
A Hopeful Transmission,33.0,2011-10-24,Mylo Xyloto,False,47,0.103,0.441,0.26,0.878,0.816,-20.424,0.0352,116.949,4,0.574,relaxed,0.6424275,0.4698575,0.5301425000000001,0.37723,0.6424275,0.3801425,0.428515,0.2883
Don't Let It Break Your Heart,234.106,2011-10-24,Mylo Xyloto,False,53,0.000561,0.41,0.751,0.0571,0.169,-7.903,0.0465,140.047,4,0.151,energetic,0.6574233333333334,0.38260583333333337,0.6173941666666666,0.6574233333333334,0.2545825,0.6179941666666666,0.4942116666666667,0.1447805
Up with the Birds,225.653,2011-10-24,Mylo Xyloto,False,51,0.714,0.365,0.483,0.00463,0.363,-7.876,0.035,120.039,4,0.107,sad,0.7408675,0.2591325,0.7408675,0.45233,0.4298025,0.5908674999999999,0.33606500000000006,0.5907
"Charlie Brown - Live from Glastonbury, 2011",288.013,2011-10-19,Mylo Xyloto,False,8,0.0121,0.409,0.806,0.0784,0.973,-6.786,0.0412,137.953,4,0.277,energetic,0.6905433333333335,0.4729608333333334,0.5270391666666666,0.6905433333333335,0.25751749999999995,0.5606391666666666,0.5631216666666667,0.10884999999999997
"Life Is for Living - Live from Glastonbury, 2011",149.546,2011-10-19,Mylo Xyloto,False,7,0.0148,0.245,0.518,0.00449,0.743,-6.955,0.0317,79.98,4,0.295,sad,0.65095,0.34905,0.65095,0.35509999999999997,0.5500499999999999,0.51175,0.35850000000000004,0.19299999999999998
"Every Teardrop Is a Waterfall - Live from Glastonbury, 2011",278.112,2011-10-19,Mylo Xyloto,False,7,0.00724,0.311,0.861,0.0061,0.877,-5.609,0.0645,118.053,4,0.2,energetic,0.64401,0.4266775,0.5733225,0.64401,0.26436750000000003,0.6399225,0.521155,0.10532
"Glass of Water - Live in Sydney, 2009",284.24,2009-05-15,LeftRightLeftRightLeft (Live),False,35,0.0799,0.151,0.713,0.0256,0.968,-7.686,0.0354,155.21,4,0.128,energetic,0.6866666666666668,0.37004166666666666,0.6299583333333333,0.6866666666666668,0.231075,0.6077583333333333,0.49508333333333343,0.20045000000000002
"42 - Live in Madrid, 2008",292.0,2009-05-15,LeftRightLeftRightLeft (Live),False,34,0.0256,0.26,0.722,0.000345,0.977,-7.881,0.0378,141.594,4,0.107,sad,0.651205,0.34879499999999997,0.651205,0.64368,0.25641500000000006,0.6344049999999999,0.46759,0.1748
"Clocks - Live in Madrid, 2008",280.346,2009-05-15,LeftRightLeftRightLeft (Live),False,39,0.285,0.471,0.867,0.616,0.943,-6.832,0.0409,130.981,4,0.4,energetic,0.7101033333333333,0.5592508333333334,0.44074916666666664,0.7101033333333333,0.2690475,0.5109491666666667,0.6251016666666667,0.20239999999999997
"Strawberry Swing - Live in Madrid, 2008",256.44,2009-05-15,LeftRightLeftRightLeft (Live),False,36,0.00844,0.207,0.78,0.134,0.985,-7.115,0.0492,85.136,4,0.231,melancholic,0.6244533333333333,0.39354666666666666,0.6064533333333333,0.4968866666666667,0.39336,0.6244533333333333,0.44629333333333343,0.12401999999999999
"The Hardest Part / Postcards from Far Away - Live in Sydney, 2009",255.213,2009-05-15,LeftRightLeftRightLeft (Live),False,38,0.874,0.246,0.358,7.9e-05,0.602,-8.794,0.0311,89.737,4,0.157,sad,0.7736191666666665,0.22638083333333334,0.7736191666666665,0.2938233333333333,0.5780575,0.6236191666666666,0.2555616666666667,0.6981999999999999
"Viva La Vida - Live in Paris, 2008",324.133,2009-05-15,LeftRightLeftRightLeft (Live),False,40,0.0349,0.174,0.942,0.0395,0.794,-5.978,0.14,138.005,4,0.186,energetic,0.7496166666666666,0.45920416666666664,0.5407958333333334,0.7496166666666666,0.17118750000000005,0.6559958333333333,0.5812083333333333,0.09765000000000003
"Death Will Never Conquer - Live in Sydney, 2009",99.306,2009-05-15,LeftRightLeftRightLeft (Live),False,34,0.639,0.309,0.926,0.133,0.966,-7.596,0.168,140.527,3,0.559,energetic,0.7873233333333334,0.6803058333333333,0.3196941666666666,0.7873233333333334,0.24748250000000002,0.42529416666666664,0.7282116666666667,0.35350000000000004
"Fix You - Live in Sydney, 2009",338.64,2009-05-15,LeftRightLeftRightLeft (Live),False,38,0.0153,0.157,0.563,0.192,0.98,-8.815,0.0402,137.847,4,0.185,sad,0.6552275,0.3447725,0.6552275,0.55949,0.36088249999999994,0.5430274999999999,0.428945,0.20175
"Death and All His Friends - Live in Madrid, 2008",264.426,2009-05-15,LeftRightLeftRightLeft (Live),False,35,0.163,0.235,0.672,0.168,0.901,-8.321,0.0628,128.673,1,0.261,energetic,0.59101,0.41542749999999995,0.5845724999999999,0.59101,0.34451750000000003,0.5377725,0.48765500000000006,0.2277
Life in Technicolor,149.133,2008-11-24,Viva La Vida (Prospekt's March Edition),False,22,0.0102,0.288,0.662,0.944,0.498,-10.482,0.0347,131.056,4,0.254,energetic,0.5932533333333333,0.4102133333333333,0.5897866666666666,0.5932533333333333,0.34215999999999996,0.5369866666666667,0.48482666666666674,0.15569999999999998
Cemeteries of London,201.106,2008-11-24,Viva La Vida (Prospekt's March Edition),False,20,0.0054,0.437,0.806,0.00822,0.1,-7.693,0.0353,109.109,3,0.271,energetic,0.5937966666666666,0.44532416666666663,0.5546758333333333,0.5937966666666666,0.3284275,0.5882758333333333,0.5126483333333334,0.10669999999999999
Lost!,236.213,2008-11-24,Viva La Vida (Prospekt's March Edition),False,22,0.0057,0.359,0.779,0.837,0.379,-7.52,0.0412,86.951,4,0.582,happy,0.6053591666666667,0.6053591666666667,0.39464083333333333,0.5375366666666667,0.4595225,0.41204083333333336,0.5893183333333333,0.08554999999999999
42,237.4,2008-11-24,Viva La Vida (Prospekt's March Edition),False,20,0.221,0.309,0.636,0.00281,0.102,-7.202,0.0344,141.382,4,0.177,sad,0.6351816666666666,0.36481833333333336,0.6351816666666666,0.6069733333333334,0.313945,0.5667816666666666,0.4608366666666667,0.2843
Lovers in Japan,411.013,2008-11-24,Viva La Vida (Prospekt's March Edition),False,23,0.0427,0.202,0.733,0.696,0.243,-7.599,0.0446,118.217,4,0.0728,sad,0.6879058333333333,0.3120941666666667,0.6879058333333333,0.5678366666666665,0.30251750000000005,0.6777058333333333,0.4193483333333333,0.18689000000000003
Yes,426.653,2008-11-24,Viva La Vida (Prospekt's March Edition),False,18,0.00884,0.162,0.807,0.358,0.187,-6.277,0.0538,161.577,4,0.227,energetic,0.7647900000000001,0.46294749999999996,0.5370524999999999,0.7647900000000001,0.18795749999999997,0.5712525,0.582895,0.11692
Viva La Vida,242.373,2008-11-24,Viva La Vida (Prospekt's March Edition),False,34,0.0954,0.486,0.617,3.23e-06,0.109,-7.115,0.0287,138.015,4,0.417,energetic,0.6102499999999998,0.5003124999999999,0.49968749999999995,0.6102499999999998,0.3798625000000001,0.41988749999999997,0.543625,0.1792
Violet Hill,222.653,2008-11-24,Viva La Vida (Prospekt's March Edition),False,25,0.0614,0.33,0.58,0.00129,0.115,-7.875,0.0374,76.093,4,0.11,sad,0.7465891666666666,0.2534108333333333,0.7465891666666666,0.3546433333333333,0.4917675,0.6445891666666668,0.30282166666666666,0.23470000000000002
Strawberry Swing,249.666,2008-11-24,Viva La Vida (Prospekt's March Edition),False,23,0.00722,0.378,0.663,0.797,0.191,-10.476,0.0458,173.136,4,0.428,energetic,0.75142,0.54998,0.45002,0.75142,0.27126,0.39782,0.6249600000000001,0.11911
Death and All His Friends,378.853,2008-11-24,Viva La Vida (Prospekt's March Edition),False,22,0.695,0.218,0.296,0.727,0.164,-10.61,0.0312,129.93,4,0.0792,sad,0.8054049999999999,0.19459500000000002,0.8054049999999999,0.38902000000000003,0.4930149999999999,0.655405,0.26663000000000003,0.64286
Life in Technicolor ii,245.099,2008-11-24,Viva La Vida (Prospekt's March Edition),False,36,0.00158,0.472,0.909,5.16e-05,0.248,-7.073,0.0391,131.051,4,0.278,energetic,0.7191366666666668,0.49870916666666665,0.5012908333333334,0.7191366666666668,0.22347250000000002,0.5966908333333333,0.5932183333333334,0.07248999999999999
Postcards from Far Away,48.128,2008-11-24,Viva La Vida (Prospekt's March Edition),False,23,0.99,0.46,0.164,0.953,0.146,-19.387,0.048,126.704,4,0.189,ethereal,0.808,0.21818666666666667,0.7818133333333331,0.3232466666666667,0.58904,0.6318133333333332,0.25237333333333334,0.808
Glass of Water,284.905,2008-11-24,Viva La Vida (Prospekt's March Edition),False,25,0.000433,0.152,0.695,0.0618,0.334,-8.299,0.0318,157.167,4,0.237,energetic,0.69509,0.4316725,0.5683275,0.69509,0.2569825,0.5353275,0.534745,0.14431650000000001
Rainy Day,206.002,2008-11-24,Viva La Vida (Prospekt's March Edition),False,19,0.0765,0.375,0.677,0.00271,0.126,-6.964,0.0292,137.994,4,0.652,energetic,0.6636800000000002,0.6592950000000001,0.340705,0.6636800000000002,0.39691499999999996,0.29690500000000003,0.6615900000000001,0.16555
Prospekt's March / Poppyfields,219.231,2008-11-24,Viva La Vida (Prospekt's March Edition),False,20,0.401,0.285,0.279,0.00428,0.193,-11.992,0.0292,146.4,4,0.0942,sad,0.7877799999999999,0.21222000000000002,0.7877799999999999,0.43692000000000003,0.46334,0.63778,0.29328000000000004,0.49796
Lost+ (with Jay-Z),256.908,2008-11-24,Viva La Vida (Prospekt's March Edition),True,24,0.0081,0.257,0.805,0.494,0.357,-7.025,0.0559,175.251,4,0.39,energetic,0.8256700000000001,0.5715425,0.4284575,0.8256700000000001,0.18737249999999997,0.4614575,0.6700850000000002,0.08454999999999999
Lovers in Japan - Osaka Sun Mix,238.24,2008-11-24,Viva La Vida (Prospekt's March Edition),False,22,0.00263,0.402,0.941,0.394,0.298,-6.035,0.075,111.982,4,0.319,energetic,0.6756733333333333,0.5170183333333334,0.4829816666666667,0.6756733333333333,0.26334500000000005,0.5975816666666666,0.5906366666666667,0.055215000000000014
Now My Feet Won't Touch the Ground,147.521,2008-11-24,Viva La Vida (Prospekt's March Edition),False,24,0.817,0.494,0.255,0.853,0.0819,-13.797,0.0305,123.502,4,0.13,sad,0.7925816666666667,0.20741833333333334,0.7925816666666667,0.35217333333333334,0.539745,0.6425816666666667,0.2598366666666667,0.706
Life in Technicolor,149.133,2008-06-19,Viva La Vida or Death and All His Friends,False,38,0.0102,0.288,0.662,0.944,0.498,-10.482,0.0347,131.056,4,0.254,energetic,0.5932533333333333,0.4102133333333333,0.5897866666666666,0.5932533333333333,0.34215999999999996,0.5369866666666667,0.48482666666666674,0.15569999999999998
Cemeteries of London,201.106,2008-06-19,Viva La Vida or Death and All His Friends,False,38,0.0054,0.437,0.806,0.00822,0.1,-7.693,0.0353,109.109,3,0.271,energetic,0.5937966666666666,0.44532416666666663,0.5546758333333333,0.5937966666666666,0.3284275,0.5882758333333333,0.5126483333333334,0.10669999999999999
Lost!,236.213,2008-06-19,Viva La Vida or Death and All His Friends,False,41,0.0057,0.359,0.779,0.837,0.379,-7.52,0.0412,86.951,4,0.582,happy,0.6053591666666667,0.6053591666666667,0.39464083333333333,0.5375366666666667,0.4595225,0.41204083333333336,0.5893183333333333,0.08554999999999999
42,237.4,2008-06-19,Viva La Vida or Death and All His Friends,False,37,0.221,0.309,0.636,0.00281,0.102,-7.202,0.0344,141.382,4,0.177,sad,0.6351816666666666,0.36481833333333336,0.6351816666666666,0.6069733333333334,0.313945,0.5667816666666666,0.4608366666666667,0.2843
Lovers in Japan,411.013,2008-06-19,Viva La Vida or Death and All His Friends,False,39,0.0427,0.202,0.733,0.696,0.243,-7.599,0.0446,118.217,4,0.0728,sad,0.6879058333333333,0.3120941666666667,0.6879058333333333,0.5678366666666665,0.30251750000000005,0.6777058333333333,0.4193483333333333,0.18689000000000003
Yes,426.653,2008-06-19,Viva La Vida or Death and All His Friends,False,32,0.00884,0.162,0.807,0.358,0.187,-6.277,0.0538,161.577,4,0.227,energetic,0.7647900000000001,0.46294749999999996,0.5370524999999999,0.7647900000000001,0.18795749999999997,0.5712525,0.582895,0.11692
Viva La Vida,242.373,2008-06-19,Viva La Vida or Death and All His Friends,False,75,0.0954,0.486,0.617,3.23e-06,0.109,-7.115,0.0287,138.015,4,0.417,energetic,0.6102499999999998,0.5003124999999999,0.49968749999999995,0.6102499999999998,0.3798625000000001,0.41988749999999997,0.543625,0.1792
Violet Hill,222.653,2008-06-19,Viva La Vida or Death and All His Friends,False,54,0.0614,0.33,0.58,0.00129,0.115,-7.875,0.0374,76.093,4,0.11,sad,0.7465891666666666,0.2534108333333333,0.7465891666666666,0.3546433333333333,0.4917675,0.6445891666666668,0.30282166666666666,0.23470000000000002
Strawberry Swing,249.666,2008-06-19,Viva La Vida or Death and All His Friends,False,42,0.00722,0.378,0.663,0.797,0.191,-10.476,0.0458,173.136,4,0.428,energetic,0.75142,0.54998,0.45002,0.75142,0.27126,0.39782,0.6249600000000001,0.11911
Death and All His Friends,378.853,2008-06-19,Viva La Vida or Death and All His Friends,False,36,0.695,0.218,0.296,0.727,0.164,-10.61,0.0312,129.93,4,0.0792,sad,0.8054049999999999,0.19459500000000002,0.8054049999999999,0.38902000000000003,0.4930149999999999,0.655405,0.26663000000000003,0.64286
Lost?,222.053,2008-05-26,Viva La Vida or Death and All His Friends,False,23,0.95,0.492,0.311,0.00139,0.105,-12.016,0.0258,80.549,4,0.245,sad,0.7425758333333333,0.2574241666666667,0.7425758333333333,0.24849666666666667,0.6421275000000001,0.5925758333333333,0.25664833333333337,0.7327
Square One,287.634,2005-06-07,X&Y,False,54,0.00674,0.451,0.679,0.00136,0.164,-6.884,0.0319,124.169,4,0.0602,sad,0.7067058333333333,0.2932941666666667,0.7067058333333333,0.5594166666666668,0.3121175,0.6641058333333333,0.40262833333333337,0.18763
What If,298.519,2005-06-07,X&Y,False,58,0.313,0.304,0.502,0.0011,0.138,-6.707,0.035,136.779,4,0.204,sad,0.6630175,0.33698249999999996,0.6630175,0.52733,0.3978525,0.5142175,0.410365,0.36510000000000004
White Shadows,328.219,2005-06-07,X&Y,False,54,0.00521,0.491,0.783,0.0361,0.0951,-8.997,0.0484,127.437,4,0.26,energetic,0.64229,0.44709750000000004,0.5529025,0.64229,0.2919075,0.5727025,0.529595,0.11570499999999999
Fix You,295.533,2005-06-07,X&Y,False,85,0.164,0.209,0.417,0.00196,0.113,-8.74,0.0338,138.178,4,0.124,sad,0.7353516666666666,0.2646483333333333,0.7353516666666666,0.4814933333333334,0.420855,0.5853516666666667,0.34669666666666665,0.33209999999999995
Talk,311.291,2005-06-07,X&Y,False,66,0.00541,0.415,0.554,0.00202,0.155,-10.839,0.0334,120.318,4,0.163,sad,0.6857349999999999,0.314265,0.6857349999999999,0.49436,0.404805,0.568135,0.38733000000000006,0.203905
X&Y,274.175,2005-06-07,X&Y,False,56,0.563,0.225,0.561,0.00987,0.366,-6.813,0.0352,153.24,4,0.0818,sad,0.70492,0.29508,0.70492,0.59948,0.30276,0.5915199999999999,0.41252,0.49683999999999995
Speed of Sound,287.906,2005-06-07,X&Y,False,75,0.00488,0.514,0.898,0.0345,0.0746,-6.765,0.0577,123.067,4,0.353,energetic,0.6945233333333333,0.5337558333333333,0.4662441666666667,0.6945233333333333,0.2639325,0.5550441666666668,0.6055116666666667,0.062439999999999996
A Message,285.345,2005-06-07,X&Y,False,65,0.327,0.566,0.459,0.000253,0.202,-9.488,0.0289,116.916,4,0.151,sad,0.72427,0.27573000000000003,0.72427,0.43432000000000004,0.45841,0.57427,0.33886000000000005,0.39559999999999995
Low,332.104,2005-06-07,X&Y,False,52,0.0224,0.466,0.882,0.0264,0.342,-8.962,0.0442,132.086,4,0.502,energetic,0.7314866666666667,0.6258716666666666,0.37412833333333334,0.7314866666666667,0.27918499999999996,0.45332833333333333,0.6737433333333334,0.04699999999999999
The Hardest Part,262.88,2005-06-07,X&Y,False,66,0.0228,0.5,0.844,0.00398,0.455,-5.883,0.0368,123.721,4,0.445,energetic,0.6789033333333334,0.5733008333333334,0.42669916666666663,0.6789033333333334,0.3076975,0.4830991666666666,0.6218016666666668,0.06920000000000001
Swallowed in the Sea,239.001,2005-06-07,X&Y,False,58,0.0557,0.265,0.378,1.29e-06,0.119,-10.823,0.0316,142.1,4,0.153,sad,0.7263833333333333,0.2736166666666667,0.7263833333333333,0.47796666666666665,0.43635,0.5763833333333332,0.34923333333333334,0.28385
Twisted Logic,271.86,2005-06-07,X&Y,False,49,0.0267,0.194,0.464,0.0736,0.314,-6.895,0.0322,160.359,3,0.053,sad,0.7453674999999998,0.2546325,0.7453674999999998,0.5718300000000001,0.3277025,0.5953674999999999,0.37406500000000004,0.26355
Til Kingdom Come,250.668,2005-06-07,X&Y,False,62,0.61,0.607,0.395,0.00768,0.33,-9.593,0.0287,115.068,4,0.274,sad,0.67121,0.32879,0.67121,0.40846,0.5196299999999999,0.52121,0.35938000000000003,0.5317
Politik - Live in Sydney,396.466,2003-11-01,Live 2003,False,40,0.242,0.159,0.585,0.254,0.965,-6.741,0.0333,170.961,3,0.0606,sad,0.6956724999999999,0.30432750000000003,0.6956724999999999,0.6684300000000001,0.24221749999999997,0.5966724999999999,0.443175,0.33338
God Put a Smile upon Your Face - Live in Sydney,296.76,2003-11-01,Live 2003,False,37,0.0333,0.461,0.662,0.00175,0.981,-7.211,0.0326,126.452,4,0.183,sad,0.6362233333333333,0.3637766666666667,0.6362233333333333,0.5708066666666667,0.33947,0.5834233333333333,0.44875333333333334,0.18145
A Rush of Blood to the Head - Live in Sydney,410.773,2003-11-01,Live 2003,False,38,0.227,0.213,0.526,0.00218,0.36,-8.018,0.0319,137.834,4,0.0621,sad,0.7400783333333332,0.2599216666666667,0.7400783333333332,0.5286566666666668,0.35483499999999996,0.6056783333333333,0.3649633333333334,0.34328
One I Love - Live in Sydney,308.426,2003-11-01,Live 2003,False,36,0.0168,0.401,0.883,0.0318,0.831,-6.508,0.0459,133.914,4,0.291,energetic,0.71698,0.501095,0.4989050000000001,0.71698,0.231915,0.578705,0.59279,0.0853
See You Soon - Live in Sydney,209.106,2003-11-01,Live 2003,False,40,0.95,0.351,0.343,0.000258,0.936,-13.219,0.0369,77.392,4,0.131,sad,0.8040066666666665,0.19599333333333332,0.8040066666666665,0.24257333333333334,0.61122,0.6540066666666666,0.21858666666666668,0.7458999999999999
Shiver - Live in Sydney,325.733,2003-11-01,Live 2003,False,36,0.0296,0.255,0.686,1.08e-05,0.948,-6.532,0.0399,115.075,3,0.137,sad,0.6661041666666665,0.3338958333333334,0.6661041666666665,0.5402833333333334,0.3467125,0.6277041666666665,0.4209916666666667,0.18159999999999998
Everything's Not Lost - Live in Sydney,527.826,2003-11-01,Live 2003,False,37,0.65,0.282,0.424,0.107,0.987,-9.012,0.0279,135.875,4,0.0505,sad,0.7792708333333332,0.22072916666666664,0.7792708333333332,0.46996666666666664,0.4084125,0.6292708333333333,0.3162583333333333,0.5877
Moses - Live in Sydney,329.173,2003-11-01,Live 2003,False,40,0.45,0.461,0.619,0.272,0.923,-7.471,0.0284,128.958,4,0.164,sad,0.6584349999999999,0.341565,0.6584349999999999,0.55576,0.35090499999999997,0.5798349999999999,0.42813,0.4065
Yellow - Live in Sydney,336.666,2003-11-01,Live 2003,False,42,0.0458,0.265,0.674,0.000141,0.724,-7.48,0.0324,171.366,4,0.187,energetic,0.7269200000000001,0.40720500000000004,0.5927949999999998,0.7269200000000001,0.22198499999999993,0.5471949999999999,0.5300100000000001,0.1833
Clocks - Live in Sydney,332.426,2003-11-01,Live 2003,False,40,0.608,0.493,0.727,0.0206,0.376,-6.857,0.0324,130.794,4,0.114,sad,0.6545049999999999,0.345495,0.6545049999999999,0.61088,0.282315,0.6407049999999999,0.45439000000000007,0.4631
In My Place - Live in Sydney,253.106,2003-11-01,Live 2003,False,38,0.00772,0.202,0.673,0.000232,0.926,-7.075,0.036,143.656,4,0.136,sad,0.6467866666666666,0.3532133333333333,0.6467866666666666,0.6289533333333335,0.28156,0.6005866666666667,0.4630266666666667,0.17475999999999997
Amsterdam - Live in Sydney,320.16,2003-11-01,Live 2003,False,37,0.724,0.304,0.234,9.23e-05,0.929,-10.728,0.0286,77.121,3,0.0725,sad,0.8720325,0.12796749999999998,0.8720325,0.18132,0.6546974999999999,0.7220325,0.15113500000000002,0.6773
Politik,318.626,2002-08-08,A Rush of Blood to the Head,False,67,0.0364,0.262,0.482,0.000189,0.11,-7.75,0.0294,170.968,4,0.063,sad,0.7251266666666667,0.2748733333333333,0.7251266666666667,0.6171933333333333,0.29418,0.5751266666666667,0.4029466666666667,0.261
In My Place,226.68,2002-08-08,A Rush of Blood to the Head,False,77,0.0553,0.424,0.588,4.95e-06,0.298,-5.455,0.0278,144.636,4,0.193,sad,0.63727,0.36272999999999994,0.63727,0.59542,0.3330100000000001,0.5400699999999999,0.45346,0.21265
God Put a Smile upon Your Face,297.306,2002-08-08,A Rush of Blood to the Head,False,68,0.175,0.611,0.556,7.14e-05,0.0359,-5.761,0.0288,126.532,4,0.252,sad,0.6265566666666667,0.37344333333333335,0.6265566666666667,0.5249733333333334,0.40606999999999993,0.5101566666666667,0.43408666666666673,0.2703
The Scientist,309.6,2002-08-08,A Rush of Blood to the Head,False,87,0.731,0.557,0.442,1.46e-05,0.11,-7.224,0.0243,146.277,4,0.213,sad,0.6677025000000001,0.33229749999999997,0.6677025000000001,0.52989,0.4059075000000001,0.5177025000000001,0.405795,0.5903
Clocks,307.879,2002-08-08,A Rush of Blood to the Head,False,84,0.599,0.577,0.749,0.0115,0.183,-7.215,0.0279,130.97,4,0.255,energetic,0.6365666666666666,0.4368416666666667,0.5631583333333333,0.6365666666666666,0.299075,0.5625583333333334,0.5198833333333335,0.42379999999999995
Daylight,327.8,2002-08-08,A Rush of Blood to the Head,False,56,0.00976,0.453,0.571,0.518,0.0846,-6.117,0.0314,132.787,4,0.189,sad,0.6546441666666666,0.3453558333333333,0.6546441666666666,0.5470233333333334,0.3703325,0.5472441666666665,0.4253116666666667,0.19578
Green Eyes,223.04,2002-08-08,A Rush of Blood to the Head,False,68,0.539,0.607,0.405,6.7e-06,0.231,-8.607,0.0265,129.543,4,0.233,sad,0.6807475000000001,0.3192525,0.6807475000000001,0.4576100000000001,0.4702424999999999,0.5307474999999999,0.3711050000000001,0.5014000000000001
Warning Sign,331.133,2002-08-08,A Rush of Blood to the Head,False,64,0.0942,0.532,0.433,0.0121,0.142,-9.423,0.0278,140.666,4,0.0395,sad,0.7791783333333333,0.22082166666666664,0.7791783333333333,0.48933666666666664,0.389735,0.6291783333333334,0.32344333333333336,0.3093
A Whisper,238.333,2002-08-08,A Rush of Blood to the Head,False,61,0.586,0.277,0.797,0.341,0.221,-5.66,0.0385,177.004,3,0.26,energetic,0.8145133333333334,0.49260333333333334,0.5073966666666667,0.8145133333333334,0.16099,0.5355966666666667,0.6178066666666667,0.4019
A Rush of Blood to the Head,351.4,2002-08-08,A Rush of Blood to the Head,False,60,0.156,0.525,0.472,4.39e-06,0.29,-8.018,0.0255,138.39,4,0.116,sad,0.723475,0.27652499999999997,0.723475,0.5089,0.39122500000000004,0.573475,0.36585,0.31320000000000003
Amsterdam,319.36,2002-08-08,A Rush of Blood to the Head,False,59,0.836,0.269,0.176,0.0343,0.122,-10.463,0.0296,78.861,4,0.105,sad,0.8684825,0.13151749999999998,0.8684825,0.16137,0.6858475,0.7184825,0.14383500000000002,0.7442
Don't Panic,136.866,2000-07-10,Parachutes,False,73,0.206,0.602,0.612,0.00607,0.107,-8.409,0.0335,122.062,4,0.453,energetic,0.5581733333333333,0.5071183333333333,0.4928816666666666,0.5581733333333333,0.429445,0.4100816666666666,0.5294366666666668,0.22879999999999998
Shiver,304.2,2000-07-10,Parachutes,False,70,0.0334,0.396,0.803,0.0,0.0688,-6.186,0.0487,116.705,3,0.286,energetic,0.6191166666666666,0.45975416666666663,0.5402458333333333,0.6191166666666666,0.3139375,0.5720458333333334,0.5301083333333334,0.11859999999999998
Spies,318.773,2000-07-10,Parachutes,False,61,0.0236,0.309,0.673,0.000144,0.0635,-5.524,0.0319,147.599,4,0.0732,sad,0.6811808333333332,0.31881916666666665,0.6811808333333332,0.6358166666666667,0.2591425,0.6349808333333333,0.4444783333333334,0.19526
Sparks,227.093,2000-07-10,Parachutes,False,87,0.748,0.371,0.268,0.0517,0.104,-10.506,0.0281,102.617,3,0.165,sad,0.7850858333333334,0.21491416666666668,0.7850858333333334,0.29255666666666674,0.5924575,0.6350858333333333,0.24422833333333338,0.6606
Yellow,266.773,2000-07-10,Parachutes,False,91,0.00239,0.429,0.661,0.000121,0.234,-7.227,0.0281,173.372,4,0.285,energetic,0.7369066666666667,0.4637766666666666,0.5362233333333334,0.7369066666666667,0.24306999999999995,0.4828233333333334,0.5673533333333334,0.145895
Trouble,273.426,2000-07-10,Parachutes,False,75,0.189,0.565,0.546,0.0015,0.17,-7.496,0.0314,139.757,4,0.195,sad,0.6527358333333333,0.34726416666666665,0.6527358333333333,0.5583566666666667,0.3666075,0.5303358333333333,0.4293283333333334,0.29169999999999996
Parachutes,46.2,2000-07-10,Parachutes,False,62,0.871,0.555,0.0845,2.27e-06,0.138,-18.348,0.0518,137.001,4,0.375,ethereal,0.7351500000000001,0.31451749999999995,0.6854825000000001,0.33642000000000005,0.6402475000000001,0.5354825,0.31213500000000005,0.7351500000000001
High Speed,256.466,2000-07-10,Parachutes,False,65,0.396,0.495,0.525,0.00736,0.0961,-9.342,0.0301,154.466,4,0.249,sad,0.6143783333333332,0.3856216666666667,0.6143783333333332,0.6022866666666667,0.351135,0.47937833333333335,0.4670433333333334,0.39070000000000005
We Never Change,249.4,2000-07-10,Parachutes,False,65,0.535,0.433,0.288,0.000169,0.105,-10.801,0.0296,136.939,3,0.131,sad,0.7708841666666667,0.2291158333333333,0.7708841666666667,0.4135633333333333,0.4898525,0.6208841666666667,0.29583166666666666,0.5549
Everything's Not Lost - Includes Hidden Track 'Life Is For Living',436.44,2000-07-10,Parachutes,False,61,0.104,0.374,0.456,0.000176,0.197,-7.35,0.0368,135.643,4,0.0763,sad,0.7543841666666666,0.24561583333333337,0.7543841666666666,0.4877733333333334,0.3981525,0.6043841666666666,0.3389916666666667,0.29994
